Timestamp,SceneName,CD_Ratio,IsGrabbed,LeftCtrl_PosX,LeftCtrl_PosY,LeftCtrl_PosZ,LeftCtrl_RotX,LeftCtrl_RotY,LeftCtrl_RotZ,RightCtrl_PosX,RightCtrl_PosY,RightCtrl_PosZ,RightCtrl_RotX,RightCtrl_RotY,RightCtrl_RotZ,Head_PosX,Head_PosY,Head_PosZ,Head_RotX,Head_RotY,Head_RotZ,TargetObj_PosX,TargetObj_PosY,TargetObj_PosZ,TargetObj_RotX,TargetObj_RotY,TargetObj_RotZ,EyeGaze_OriginX,EyeGaze_OriginY,EyeGaze_OriginZ,EyeGaze_DirX,EyeGaze_DirY,EyeGaze_DirZ,Gaze_DeviationAngle,IsGazeValid
0.0000,ApplicationSystemMain,0.500,1,-0.0688,0.8891,-0.2042,306.33,303.46,60.70,0.1237,0.9409,-0.0506,289.02,23.86,324.82,0.0821,1.2404,-0.3754,339.15,9.60,355.04,0.1660,1.3000,0.5550,0.00,0.00,0.00,0.0821,1.2404,-0.3754,0.1559,0.3559,0.9214,17.73,0
0.0315,ApplicationSystemMain,0.500,1,-0.0686,0.8891,-0.2041,306.36,303.50,60.80,0.1235,0.9406,-0.0503,289.14,22.94,325.73,0.0827,1.2404,-0.3753,339.19,9.85,354.97,0.1660,1.3000,0.5550,0.00,0.00,0.00,0.0827,1.2404,-0.3753,0.1599,0.3553,0.9210,17.77,0
0.0356,ApplicationSystemMain,0.500,1,-0.0682,0.8890,-0.2042,306.26,303.51,60.75,0.1230,0.9400,-0.0500,289.35,21.20,327.94,0.0838,1.2404,-0.3754,339.20,10.32,354.80,0.1660,1.3000,0.5550,0.00,0.00,0.00,0.0838,1.2404,-0.3754,0.1675,0.3552,0.9197,17.90,0
0.0445,ApplicationSystemMain,0.500,1,-0.0680,0.8890,-0.2042,306.24,303.55,60.63,0.1230,0.9399,-0.0499,289.39,21.92,326.93,0.0842,1.2405,-0.3754,339.19,10.51,354.80,0.1660,1.3000,0.5550,0.00,0.00,0.00,0.0842,1.2405,-0.3754,0.1705,0.3552,0.9191,17.97,0
0.0555,ApplicationSystemMain,0.500,1,-0.0678,0.8890,-0.2042,306.21,303.61,60.59,0.1229,0.9397,-0.0499,289.45,22.64,325.91,0.0847,1.2405,-0.3754,339.19,10.74,354.69,0.1660,1.3000,0.5550,0.00,0.00,0.00,0.0847,1.2405,-0.3754,0.1741,0.3553,0.9184,18.05,0
0.0666,ApplicationSystemMain,0.500,1,-0.0676,0.8890,-0.2041,306.19,303.73,60.56,0.1229,0.9396,-0.0499,289.46,23.24,325.22,0.0853,1.2405,-0.3755,339.19,10.99,354.58,0.1660,1.3000,0.5550,0.00,0.00,0.00,0.0853,1.2405,-0.3755,0.1781,0.3552,0.9176,18.14,0
0.0777,ApplicationSystemMain,0.500,1,-0.0675,0.8890,-0.2041,306.21,303.85,60.53,0.1229,0.9395,-0.0499,289.32,24.03,324.32,0.0857,1.2405,-0.3754,339.20,11.22,354.50,0.1660,1.3000,0.5550,0.00,0.00,0.00,0.0857,1.2405,-0.3754,0.1819,0.3551,0.9170,18.21,0
0.0889,ApplicationSystemMain,0.500,1,-0.0673,0.8890,-0.2042,306.23,303.89,60.57,0.1229,0.9396,-0.0499,289.20,25.24,322.96,0.0862,1.2405,-0.3754,339.22,11.43,354.45,0.1660,1.3000,0.5550,0.00,0.00,0.00,0.0862,1.2405,-0.3754,0.1853,0.3547,0.9164,18.27,0
0.1001,ApplicationSystemMain,0.500,1,-0.0671,0.8890,-0.2042,306.22,303.91,60.50,0.1230,0.9396,-0.0500,289.02,25.85,322.31,0.0867,1.2405,-0.3755,339.24,11.63,354.43,0.1660,1.3000,0.5550,0.00,0.00,0.00,0.0867,1.2405,-0.3755,0.1885,0.3545,0.9159,18.33,0
0.1111,ApplicationSystemMain,0.500,1,-0.0670,0.8890,-0.2041,306.24,303.93,60.40,0.1230,0.9396,-0.0500,288.84,26.10,321.93,0.0872,1.2404,-0.3755,339.26,11.79,354.38,0.1660,1.3000,0.5550,0.00,0.00,0.00,0.0872,1.2404,-0.3755,0.1911,0.3542,0.9155,18.38,0
0.1223,ApplicationSystemMain,0.500,1,-0.0668,0.8890,-0.2041,306.24,303.93,60.39,0.1230,0.9397,-0.0500,288.64,26.07,321.72,0.0876,1.2404,-0.3754,339.29,11.98,354.32,0.1660,1.3000,0.5550,0.00,0.00,0.00,0.0876,1.2404,-0.3754,0.1941,0.3536,0.9150,18.43,0
0.1339,ApplicationSystemMain,0.500,1,-0.0666,0.8890,-0.2040,306.28,304.02,60.38,0.1229,0.9397,-0.0500,288.60,25.98,321.64,0.0879,1.2404,-0.3756,339.29,12.12,354.29,0.1660,1.3000,0.5550,0.00,0.00,0.00,0.0879,1.2404,-0.3756,0.1964,0.3536,0.9145,18.49,0
0.1443,ApplicationSystemMain,0.500,1,-0.0665,0.8891,-0.2039,306.31,304.08,60.40,0.1227,0.9398,-0.0499,288.84,24.53,323.33,0.0886,1.2404,-0.3755,339.33,12.35,354.15,0.1660,1.3000,0.5550,0.00,0.00,0.00,0.0886,1.2404,-0.3755,0.2001,0.3530,0.9140,18.55,0
0.1555,ApplicationSystemMain,0.500,1,-0.0663,0.8892,-0.2039,306.35,304.08,60.44,0.1230,0.9400,-0.0507,288.48,26.77,320.64,0.0890,1.2403,-0.3756,339.35,12.56,354.09,0.1660,1.3000,0.5550,0.00,0.00,0.00,0.0890,1.2403,-0.3756,0.2034,0.3527,0.9134,18.62,0
0.1667,ApplicationSystemMain,0.500,1,-0.0662,0.8893,-0.2040,306.33,304.07,60.49,0.1232,0.9402,-0.0506,288.87,28.07,318.78,0.0896,1.2402,-0.3755,339.36,12.79,354.00,0.1660,1.3000,0.5550,0.00,0.00,0.00,0.0896,1.2402,-0.3755,0.2072,0.3525,0.9126,18.72,0
0.1778,ApplicationSystemMain,0.500,1,-0.0661,0.8894,-0.2040,306.26,304.06,60.53,0.1233,0.9406,-0.0507,289.30,27.92,319.27,0.0901,1.2402,-0.3755,339.39,13.00,353.91,0.1660,1.3000,0.5550,0.00,0.00,0.00,0.0901,1.2402,-0.3755,0.2105,0.3521,0.9120,18.79,0
0.1889,ApplicationSystemMain,0.500,1,-0.0659,0.8895,-0.2040,306.18,304.02,60.55,0.1233,0.9407,-0.0507,289.32,27.39,319.96,0.0905,1.2402,-0.3754,339.41,13.18,353.85,0.1660,1.3000,0.5550,0.00,0.00,0.00,0.0905,1.2402,-0.3754,0.2134,0.3517,0.9114,18.86,0
0.2000,ApplicationSystemMain,0.500,1,-0.0658,0.8896,-0.2040,306.11,304.02,60.51,0.1232,0.9409,-0.0508,289.18,26.58,320.72,0.0910,1.2401,-0.3755,339.45,13.38,353.79,0.1660,1.3000,0.5550,0.00,0.00,0.00,0.0910,1.2401,-0.3755,0.2166,0.3511,0.9110,18.91,0
0.2112,ApplicationSystemMain,0.500,1,-0.0656,0.8897,-0.2039,306.07,304.03,60.50,0.1231,0.9412,-0.0509,288.78,26.13,321.13,0.0914,1.2401,-0.3755,339.49,13.54,353.74,0.1660,1.3000,0.5550,0.00,0.00,0.00,0.0914,1.2401,-0.3755,0.2192,0.3504,0.9106,18.96,0
0.2221,ApplicationSystemMain,0.500,1,-0.0655,0.8897,-0.2039,306.08,304.03,60.51,0.1232,0.9416,-0.0512,288.66,26.18,321.09,0.0918,1.2400,-0.3755,339.54,13.71,353.68,0.1660,1.3000,0.5550,0.00,0.00,0.00,0.0918,1.2400,-0.3755,0.2220,0.3496,0.9102,19.00,0
0.2332,ApplicationSystemMain,0.500,1,-0.0654,0.8895,-0.2039,306.12,304.06,60.47,0.1233,0.9417,-0.0512,288.64,26.31,321.07,0.0921,1.2400,-0.3755,339.59,13.86,353.64,0.1660,1.3000,0.5550,0.00,0.00,0.00,0.0921,1.2400,-0.3755,0.2244,0.3488,0.9099,19.04,0
0.2443,ApplicationSystemMain,0.500,1,-0.0653,0.8895,-0.2038,306.20,304.18,60.43,0.1234,0.9419,-0.0513,288.56,26.17,321.45,0.0925,1.2400,-0.3755,339.62,14.00,353.59,0.1660,1.3000,0.5550,0.00,0.00,0.00,0.0925,1.2400,-0.3755,0.2268,0.3483,0.9095,19.09,0
0.2554,ApplicationSystemMain,0.500,1,-0.0651,0.8895,-0.2038,306.26,304.24,60.44,0.1234,0.9421,-0.0513,288.50,26.06,321.63,0.0930,1.2399,-0.3754,339.67,14.18,353.54,0.1660,1.3000,0.5550,0.00,0.00,0.00,0.0930,1.2399,-0.3754,0.2297,0.3475,0.9091,19.14,0
0.2667,ApplicationSystemMain,0.500,1,-0.0649,0.8896,-0.2037,306.32,304.29,60.46,0.1235,0.9422,-0.0514,288.58,26.24,321.43,0.0934,1.2399,-0.3755,339.68,14.36,353.49,0.1660,1.3000,0.5550,0.00,0.00,0.00,0.0934,1.2399,-0.3755,0.2326,0.3472,0.9085,19.22,0
0.2778,ApplicationSystemMain,0.500,1,-0.0647,0.8896,-0.2037,306.33,304.35,60.45,0.1237,0.9423,-0.0514,288.76,26.64,320.80,0.0938,1.2399,-0.3755,339.70,14.52,353.41,0.1660,1.3000,0.5550,0.00,0.00,0.00,0.0938,1.2399,-0.3755,0.2352,0.3469,0.9080,19.30,0
0.2889,ApplicationSystemMain,0.500,1,-0.0645,0.8897,-0.2037,306.33,304.39,60.43,0.1238,0.9424,-0.0515,288.81,27.05,320.21,0.0942,1.2398,-0.3755,339.72,14.71,353.34,0.1660,1.3000,0.5550,0.00,0.00,0.00,0.0942,1.2398,-0.3755,0.2382,0.3466,0.9073,19.39,0
0.3000,ApplicationSystemMain,0.500,1,-0.0643,0.8898,-0.2038,306.27,304.38,60.51,0.1239,0.9425,-0.0518,288.87,27.31,319.91,0.0946,1.2398,-0.3755,339.75,14.89,353.26,0.1660,1.3000,0.5550,0.00,0.00,0.00,0.0946,1.2398,-0.3755,0.2411,0.3461,0.9067,19.47,0
0.3110,ApplicationSystemMain,0.500,1,-0.0641,0.8899,-0.2039,306.20,304.36,60.54,0.1240,0.9425,-0.0518,288.89,27.09,320.15,0.0950,1.2398,-0.3755,339.78,15.09,353.19,0.1660,1.3000,0.5550,0.00,0.00,0.00,0.0950,1.2398,-0.3755,0.2443,0.3456,0.9060,19.55,0
0.3222,ApplicationSystemMain,0.500,1,-0.0638,0.8900,-0.2039,306.17,304.38,60.49,0.1240,0.9424,-0.0517,288.81,26.79,320.53,0.0954,1.2397,-0.3756,339.81,15.26,353.15,0.1660,1.3000,0.5550,0.00,0.00,0.00,0.0954,1.2397,-0.3756,0.2470,0.3452,0.9054,19.63,0
0.3332,ApplicationSystemMain,0.500,1,-0.0636,0.8900,-0.2039,306.12,304.43,60.51,0.1241,0.9424,-0.0517,288.71,26.36,321.13,0.0958,1.2398,-0.3756,339.82,15.43,353.09,0.1660,1.3000,0.5550,0.00,0.00,0.00,0.0958,1.2398,-0.3756,0.2497,0.3449,0.9048,19.72,0
0.3443,ApplicationSystemMain,0.500,1,-0.0634,0.8900,-0.2039,306.11,304.47,60.52,0.1241,0.9424,-0.0517,288.65,26.09,321.58,0.0963,1.2398,-0.3755,339.84,15.63,353.03,0.1660,1.3000,0.5550,0.00,0.00,0.00,0.0963,1.2398,-0.3755,0.2529,0.3447,0.9040,19.83,0
0.3556,ApplicationSystemMain,0.500,1,-0.0631,0.8900,-0.2038,306.12,304.55,60.45,0.1242,0.9426,-0.0519,288.63,26.33,321.33,0.0966,1.2397,-0.3756,339.85,15.80,352.98,0.1660,1.3000,0.5550,0.00,0.00,0.00,0.0966,1.2397,-0.3756,0.2556,0.3445,0.9033,19.93,0
0.3666,ApplicationSystemMain,0.500,1,-0.0630,0.8899,-0.2038,306.16,304.67,60.40,0.1245,0.9426,-0.0519,288.65,26.88,320.61,0.0971,1.2397,-0.3756,339.87,16.00,352.90,0.1660,1.3000,0.5550,0.00,0.00,0.00,0.0971,1.2397,-0.3756,0.2588,0.3441,0.9026,20.04,0
0.3777,ApplicationSystemMain,0.500,1,-0.0628,0.8899,-0.2037,306.25,304.73,60.43,0.1247,0.9425,-0.0518,288.79,27.38,319.91,0.0975,1.2397,-0.3756,339.89,16.19,352.84,0.1660,1.3000,0.5550,0.00,0.00,0.00,0.0975,1.2397,-0.3756,0.2618,0.3437,0.9018,20.14,0
0.3889,ApplicationSystemMain,0.500,1,-0.0626,0.8899,-0.2036,306.30,304.74,60.51,0.1248,0.9424,-0.0518,288.87,27.45,319.84,0.0980,1.2397,-0.3756,339.93,16.40,352.77,0.1660,1.3000,0.5550,0.00,0.00,0.00,0.0980,1.2397,-0.3756,0.2652,0.3432,0.9010,20.25,0
0.4000,ApplicationSystemMain,0.500,1,-0.0624,0.8899,-0.2036,306.32,304.73,60.57,0.1248,0.9424,-0.0517,288.95,27.18,320.20,0.0984,1.2396,-0.3757,339.97,16.62,352.69,0.1660,1.3000,0.5550,0.00,0.00,0.00,0.0984,1.2396,-0.3757,0.2687,0.3425,0.9003,20.35,0
0.4111,ApplicationSystemMain,0.500,1,-0.0622,0.8899,-0.2035,306.30,304.74,60.57,0.1249,0.9423,-0.0516,289.00,26.90,320.67,0.0989,1.2395,-0.3756,340.01,16.83,352.62,0.1660,1.3000,0.5550,0.00,0.00,0.00,0.0989,1.2395,-0.3756,0.2721,0.3419,0.8995,20.46,0
0.4222,ApplicationSystemMain,0.500,1,-0.0620,0.8898,-0.2035,306.27,304.76,60.55,0.1250,0.9423,-0.0518,288.95,26.90,320.75,0.0993,1.2394,-0.3757,340.04,17.02,352.54,0.1660,1.3000,0.5550,0.00,0.00,0.00,0.0993,1.2394,-0.3757,0.2752,0.3414,0.8987,20.56,0
0.4333,ApplicationSystemMain,0.500,1,-0.0619,0.8898,-0.2035,306.26,304.83,60.47,0.1250,0.9423,-0.0518,288.88,26.98,320.71,0.0998,1.2394,-0.3757,340.09,17.27,352.45,0.1660,1.3000,0.5550,0.00,0.00,0.00,0.0998,1.2394,-0.3757,0.2791,0.3406,0.8978,20.69,0
0.4444,ApplicationSystemMain,0.500,1,-0.0617,0.8897,-0.2034,306.24,304.83,60.50,0.1251,0.9423,-0.0518,288.80,27.03,320.59,0.1002,1.2394,-0.3757,340.13,17.43,352.38,0.1660,1.3000,0.5550,0.00,0.00,0.00,0.1002,1.2394,-0.3757,0.2817,0.3400,0.8973,20.77,0
0.4555,ApplicationSystemMain,0.500,1,-0.0615,0.8897,-0.2034,306.23,304.91,60.46,0.1251,0.9422,-0.0519,288.71,27.06,320.49,0.1006,1.2393,-0.3757,340.16,17.65,352.30,0.1660,1.3000,0.5550,0.00,0.00,0.00,0.1006,1.2393,-0.3757,0.2852,0.3394,0.8964,20.89,0
0.4667,ApplicationSystemMain,0.500,1,-0.0614,0.8896,-0.2033,306.24,304.96,60.44,0.1251,0.9422,-0.0520,288.71,26.98,320.50,0.1011,1.2393,-0.3758,340.18,17.87,352.22,0.1660,1.3000,0.5550,0.00,0.00,0.00,0.1011,1.2393,-0.3758,0.2887,0.3390,0.8954,21.03,0
0.4779,ApplicationSystemMain,0.500,1,-0.0612,0.8896,-0.2031,306.26,305.00,60.43,0.1252,0.9421,-0.0521,288.74,27.03,320.42,0.1016,1.2392,-0.3758,340.23,18.11,352.15,0.1660,1.3000,0.5550,0.00,0.00,0.00,0.1016,1.2392,-0.3758,0.2925,0.3383,0.8944,21.16,0
0.4887,ApplicationSystemMain,0.500,1,-0.0610,0.8895,-0.2032,306.29,305.07,60.37,0.1253,0.9422,-0.0524,288.88,27.17,320.16,0.1019,1.2391,-0.3759,340.27,18.32,352.09,0.1660,1.3000,0.5550,0.00,0.00,0.00,0.1019,1.2391,-0.3759,0.2959,0.3376,0.8936,21.28,0
0.5000,ApplicationSystemMain,0.500,1,-0.0608,0.8894,-0.2031,306.36,305.10,60.31,0.1253,0.9421,-0.0524,288.98,27.23,320.08,0.1023,1.2391,-0.3759,340.32,18.53,352.04,0.1660,1.3000,0.5550,0.00,0.00,0.00,0.1023,1.2391,-0.3759,0.2992,0.3368,0.8928,21.39,0
0.5113,ApplicationSystemMain,0.500,1,-0.0607,0.8893,-0.2030,306.42,305.12,60.34,0.1253,0.9420,-0.0524,289.06,27.19,320.14,0.1028,1.2391,-0.3758,340.36,18.73,351.98,0.1660,1.3000,0.5550,0.00,0.00,0.00,0.1028,1.2391,-0.3758,0.3025,0.3360,0.8920,21.51,0
0.5225,ApplicationSystemMain,0.500,1,-0.0605,0.8893,-0.2029,306.48,305.11,60.41,0.1253,0.9419,-0.0524,289.06,26.97,320.48,0.1032,1.2390,-0.3758,340.41,18.93,351.93,0.1660,1.3000,0.5550,0.00,0.00,0.00,0.1032,1.2390,-0.3758,0.3057,0.3353,0.8912,21.62,0
0.5335,ApplicationSystemMain,0.500,1,-0.0603,0.8892,-0.2028,306.49,305.15,60.40,0.1252,0.9418,-0.0523,289.00,26.80,320.75,0.1036,1.2390,-0.3759,340.45,19.16,351.86,0.1660,1.3000,0.5550,0.00,0.00,0.00,0.1036,1.2390,-0.3759,0.3094,0.3346,0.8901,21.76,0
0.5447,ApplicationSystemMain,0.500,1,-0.0602,0.8892,-0.2027,306.47,305.22,60.34,0.1252,0.9417,-0.0524,288.99,26.63,320.85,0.1041,1.2390,-0.3758,340.49,19.40,351.80,0.1660,1.3000,0.5550,0.00,0.00,0.00,0.1041,1.2390,-0.3758,0.3131,0.3340,0.8891,21.92,0
0.5559,ApplicationSystemMain,0.500,1,-0.0598,0.8893,-0.2027,306.43,305.25,60.33,0.1251,0.9417,-0.0524,289.03,26.61,320.68,0.1046,1.2389,-0.3759,340.53,19.64,351.74,0.1660,1.3000,0.5550,0.00,0.00,0.00,0.1046,1.2389,-0.3759,0.3169,0.3334,0.8879,22.07,0
0.5671,ApplicationSystemMain,0.500,1,-0.0596,0.8892,-0.2026,306.41,305.30,60.30,0.1251,0.9416,-0.0524,289.04,26.49,320.72,0.1051,1.2388,-0.3758,340.56,19.88,351.70,0.1660,1.3000,0.5550,0.00,0.00,0.00,0.1051,1.2388,-0.3758,0.3206,0.3328,0.8868,22.23,0
0.5780,ApplicationSystemMain,0.500,1,-0.0594,0.8892,-0.2026,306.38,305.40,60.16,0.1250,0.9416,-0.0525,289.08,26.40,320.77,0.1055,1.2388,-0.3758,340.62,20.09,351.60,0.1660,1.3000,0.5550,0.00,0.00,0.00,0.1055,1.2388,-0.3758,0.3240,0.3319,0.8859,22.35,0
0.5893,ApplicationSystemMain,0.500,1,-0.0592,0.8892,-0.2025,306.39,305.42,60.15,0.1249,0.9415,-0.0525,289.05,26.50,320.70,0.1060,1.2387,-0.3757,340.68,20.31,351.57,0.1660,1.3000,0.5550,0.00,0.00,0.00,0.1060,1.2387,-0.3757,0.3276,0.3309,0.8850,22.49,0
0.6003,ApplicationSystemMain,0.500,1,-0.0590,0.8892,-0.2026,306.46,305.45,60.23,0.1249,0.9414,-0.0524,289.04,26.64,320.71,0.1064,1.2386,-0.3758,340.72,20.54,351.52,0.1660,1.3000,0.5550,0.00,0.00,0.00,0.1064,1.2386,-0.3758,0.3311,0.3302,0.8839,22.63,0
0.6113,ApplicationSystemMain,0.500,1,-0.0589,0.8892,-0.2026,306.50,305.48,60.31,0.1249,0.9413,-0.0524,289.05,26.49,320.89,0.1069,1.2386,-0.3757,340.78,20.75,351.46,0.1660,1.3000,0.5550,0.00,0.00,0.00,0.1069,1.2386,-0.3757,0.3345,0.3292,0.8830,22.76,0
0.6224,ApplicationSystemMain,0.500,1,-0.0588,0.8892,-0.2025,306.53,305.49,60.38,0.1248,0.9413,-0.0524,289.05,26.34,321.02,0.1074,1.2385,-0.3757,340.85,20.97,351.38,0.1660,1.3000,0.5550,0.00,0.00,0.00,0.1074,1.2385,-0.3757,0.3380,0.3280,0.8821,22.89,0
0.6336,ApplicationSystemMain,0.500,1,-0.0586,0.8892,-0.2025,306.52,305.52,60.39,0.1247,0.9413,-0.0523,289.02,26.11,321.28,0.1078,1.2383,-0.3757,340.93,21.20,351.30,0.1660,1.3000,0.5550,0.00,0.00,0.00,0.1078,1.2383,-0.3757,0.3417,0.3267,0.8812,23.02,0
0.6446,ApplicationSystemMain,0.500,1,-0.0585,0.8892,-0.2025,306.46,305.57,60.33,0.1247,0.9411,-0.0522,289.03,25.93,321.40,0.1084,1.2382,-0.3756,341.02,21.44,351.24,0.1660,1.3000,0.5550,0.00,0.00,0.00,0.1084,1.2382,-0.3756,0.3457,0.3253,0.8802,23.16,0
0.6555,ApplicationSystemMain,0.500,1,-0.0584,0.8891,-0.2025,306.42,305.57,60.24,0.1246,0.9410,-0.0521,289.02,25.88,321.31,0.1088,1.2381,-0.3756,341.10,21.66,351.16,0.1660,1.3000,0.5550,0.00,0.00,0.00,0.1088,1.2381,-0.3756,0.3492,0.3239,0.8793,23.29,0
0.6669,ApplicationSystemMain,0.500,1,-0.0583,0.8891,-0.2025,306.40,305.61,60.15,0.1245,0.9409,-0.0521,289.07,25.88,321.24,0.1093,1.2380,-0.3755,341.17,21.89,351.09,0.1660,1.3000,0.5550,0.00,0.00,0.00,0.1093,1.2380,-0.3755,0.3528,0.3228,0.8783,23.43,0
0.6780,ApplicationSystemMain,0.500,1,-0.0583,0.8891,-0.2025,306.42,305.60,60.19,0.1243,0.9408,-0.0520,289.20,25.89,321.21,0.1098,1.2379,-0.3755,341.26,22.10,351.03,0.1660,1.3000,0.5550,0.00,0.00,0.00,0.1098,1.2379,-0.3755,0.3563,0.3212,0.8774,23.55,0
0.6893,ApplicationSystemMain,0.500,1,-0.0583,0.8890,-0.2024,306.47,305.60,60.25,0.1240,0.9408,-0.0521,289.31,25.96,321.16,0.1103,1.2377,-0.3754,341.37,22.32,350.98,0.1660,1.3000,0.5550,0.00,0.00,0.00,0.1103,1.2377,-0.3754,0.3600,0.3194,0.8766,23.67,0
0.7002,ApplicationSystemMain,0.500,1,-0.0583,0.8890,-0.2024,306.54,305.61,60.31,0.1239,0.9407,-0.0520,289.42,26.34,320.73,0.1106,1.2375,-0.3753,341.49,22.51,350.94,0.1660,1.3000,0.5550,0.00,0.00,0.00,0.1106,1.2375,-0.3753,0.3631,0.3175,0.8760,23.76,0
0.7116,ApplicationSystemMain,0.500,1,-0.0583,0.8890,-0.2024,306.61,305.61,60.34,0.1238,0.9406,-0.0520,289.41,26.31,320.72,0.1111,1.2374,-0.3752,341.61,22.70,350.88,0.1660,1.3000,0.5550,0.00,0.00,0.00,0.1111,1.2374,-0.3752,0.3663,0.3155,0.8754,23.85,0
0.7226,ApplicationSystemMain,0.500,1,-0.0582,0.8889,-0.2023,306.65,305.61,60.34,0.1237,0.9405,-0.0520,289.36,25.93,321.12,0.1115,1.2372,-0.3751,341.70,22.91,350.80,0.1660,1.3000,0.5550,0.00,0.00,0.00,0.1115,1.2372,-0.3751,0.3696,0.3140,0.8745,23.97,0
0.7338,ApplicationSystemMain,0.500,1,-0.0581,0.8888,-0.2023,306.63,305.61,60.34,0.1235,0.9404,-0.0519,289.28,25.64,321.46,0.1120,1.2371,-0.3750,341.78,23.11,350.69,0.1660,1.3000,0.5550,0.00,0.00,0.00,0.1120,1.2371,-0.3750,0.3729,0.3127,0.8736,24.11,0
0.7447,ApplicationSystemMain,0.500,1,-0.0581,0.8887,-0.2022,306.57,305.70,60.20,0.1234,0.9402,-0.0518,289.22,25.51,321.61,0.1125,1.2371,-0.3748,341.86,23.33,350.56,0.1660,1.3000,0.5550,0.00,0.00,0.00,0.1125,1.2371,-0.3748,0.3763,0.3114,0.8726,24.26,0
0.7559,ApplicationSystemMain,0.500,1,-0.0581,0.8888,-0.2022,306.56,305.81,60.05,0.1233,0.9401,-0.0518,289.26,25.55,321.56,0.1130,1.2370,-0.3746,341.96,23.57,350.46,0.1660,1.3000,0.5550,0.00,0.00,0.00,0.1130,1.2370,-0.3746,0.3802,0.3096,0.8715,24.41,0
0.7669,ApplicationSystemMain,0.500,1,-0.0581,0.8888,-0.2021,306.56,305.85,60.01,0.1232,0.9399,-0.0517,289.38,25.49,321.58,0.1135,1.2369,-0.3745,342.07,23.75,350.43,0.1660,1.3000,0.5550,0.00,0.00,0.00,0.1135,1.2369,-0.3745,0.3832,0.3078,0.8709,24.51,0
0.7780,ApplicationSystemMain,0.500,1,-0.0581,0.8888,-0.2021,306.61,305.81,60.08,0.1230,0.9397,-0.0517,289.54,25.50,321.55,0.1138,1.2367,-0.3744,342.22,23.92,350.39,0.1660,1.3000,0.5550,0.00,0.00,0.00,0.1138,1.2367,-0.3744,0.3861,0.3053,0.8704,24.58,0
0.7893,ApplicationSystemMain,0.500,1,-0.0582,0.8888,-0.2022,306.65,305.75,60.15,0.1229,0.9395,-0.0516,289.74,25.61,321.44,0.1141,1.2366,-0.3743,342.32,24.02,350.44,0.1660,1.3000,0.5550,0.00,0.00,0.00,0.1141,1.2366,-0.3743,0.3878,0.3037,0.8703,24.62,0
0.8002,ApplicationSystemMain,0.500,1,-0.0582,0.8888,-0.2022,306.70,305.69,60.18,0.1228,0.9393,-0.0514,289.85,26.00,321.09,0.1146,1.2364,-0.3741,342.49,24.19,350.44,0.1660,1.3000,0.5550,0.00,0.00,0.00,0.1146,1.2364,-0.3741,0.3908,0.3009,0.8699,24.69,0
0.8113,ApplicationSystemMain,0.500,1,-0.0583,0.8888,-0.2022,306.70,305.69,60.15,0.1227,0.9391,-0.0514,289.86,26.06,321.01,0.1151,1.2362,-0.3739,342.64,24.38,350.43,0.1660,1.3000,0.5550,0.00,0.00,0.00,0.1151,1.2362,-0.3739,0.3940,0.2983,0.8694,24.77,0
0.8224,ApplicationSystemMain,0.500,1,-0.0583,0.8888,-0.2023,306.73,305.68,60.15,0.1227,0.9389,-0.0512,289.81,25.95,321.22,0.1156,1.2359,-0.3737,342.82,24.58,350.38,0.1660,1.3000,0.5550,0.00,0.00,0.00,0.1156,1.2359,-0.3737,0.3974,0.2955,0.8688,24.87,0
0.8336,ApplicationSystemMain,0.500,1,-0.0584,0.8890,-0.2024,306.74,305.71,60.19,0.1224,0.9388,-0.0511,289.80,25.71,321.46,0.1160,1.2356,-0.3737,343.01,24.80,350.39,0.1660,1.3000,0.5550,0.00,0.00,0.00,0.1160,1.2356,-0.3737,0.4011,0.2922,0.8682,24.97,0
0.8449,ApplicationSystemMain,0.500,1,-0.0585,0.8890,-0.2024,306.73,305.76,60.18,0.1223,0.9386,-0.0510,289.76,25.44,321.70,0.1166,1.2352,-0.3735,343.25,25.04,350.37,0.1660,1.3000,0.5550,0.00,0.00,0.00,0.1166,1.2352,-0.3735,0.4053,0.2881,0.8676,25.07,0
0.8559,ApplicationSystemMain,0.500,1,-0.0586,0.8890,-0.2025,306.70,305.73,60.18,0.1222,0.9383,-0.0509,289.76,25.31,321.86,0.1170,1.2349,-0.3733,343.44,25.25,350.37,0.1660,1.3000,0.5550,0.00,0.00,0.00,0.1170,1.2349,-0.3733,0.4089,0.2849,0.8669,25.17,0
0.8669,ApplicationSystemMain,0.500,1,-0.0586,0.8891,-0.2025,306.68,305.69,60.16,0.1222,0.9381,-0.0508,289.76,25.37,321.91,0.1174,1.2346,-0.3732,343.63,25.42,350.35,0.1660,1.3000,0.5550,0.00,0.00,0.00,0.1174,1.2346,-0.3732,0.4118,0.2818,0.8666,25.24,0
0.8780,ApplicationSystemMain,0.500,1,-0.0587,0.8890,-0.2026,306.59,305.64,60.17,0.1221,0.9379,-0.0506,289.82,25.60,321.70,0.1179,1.2342,-0.3730,343.86,25.65,350.32,0.1660,1.3000,0.5550,0.00,0.00,0.00,0.1179,1.2342,-0.3730,0.4157,0.2780,0.8660,25.35,0
0.8892,ApplicationSystemMain,0.500,1,-0.0587,0.8890,-0.2027,306.54,305.63,60.12,0.1221,0.9376,-0.0505,289.85,26.25,321.08,0.1184,1.2339,-0.3728,344.08,25.86,350.30,0.1660,1.3000,0.5550,0.00,0.00,0.00,0.1184,1.2339,-0.3728,0.4194,0.2742,0.8654,25.45,0
0.9002,ApplicationSystemMain,0.500,1,-0.0587,0.8891,-0.2027,306.49,305.65,60.04,0.1220,0.9376,-0.0503,289.83,26.66,320.64,0.1187,1.2336,-0.3726,344.28,26.04,350.29,0.1660,1.3000,0.5550,0.00,0.00,0.00,0.1187,1.2336,-0.3726,0.4226,0.2709,0.8649,25.54,0
0.9116,ApplicationSystemMain,0.500,1,-0.0588,0.8890,-0.2027,306.53,305.67,60.06,0.1220,0.9373,-0.0502,289.89,26.34,321.09,0.1192,1.2333,-0.3724,344.50,26.27,350.29,0.1660,1.3000,0.5550,0.00,0.00,0.00,0.1192,1.2333,-0.3724,0.4264,0.2672,0.8642,25.66,0
0.9224,ApplicationSystemMain,0.500,1,-0.0589,0.8890,-0.2028,306.59,305.66,60.08,0.1221,0.9371,-0.0501,290.05,26.12,321.26,0.1199,1.2330,-0.3721,344.77,26.52,350.24,0.1660,1.3000,0.5550,0.00,0.00,0.00,0.1199,1.2330,-0.3721,0.4308,0.2628,0.8633,25.80,0
0.9336,ApplicationSystemMain,0.500,1,-0.0590,0.8890,-0.2028,306.69,305.61,60.09,0.1222,0.9369,-0.0500,290.23,26.28,320.90,0.1203,1.2325,-0.3719,344.99,26.74,350.22,0.1660,1.3000,0.5550,0.00,0.00,0.00,0.1203,1.2325,-0.3719,0.4345,0.2590,0.8626,25.92,0
0.9447,ApplicationSystemMain,0.500,1,-0.0591,0.8890,-0.2029,306.77,305.54,60.18,0.1221,0.9368,-0.0500,290.22,26.62,320.32,0.1208,1.2322,-0.3716,345.17,26.95,350.20,0.1660,1.3000,0.5550,0.00,0.00,0.00,0.1208,1.2322,-0.3716,0.4382,0.2559,0.8617,26.06,0
0.9557,ApplicationSystemMain,0.500,1,-0.0593,0.8888,-0.2030,306.77,305.49,60.32,0.1220,0.9366,-0.0500,290.23,26.68,320.18,0.1213,1.2320,-0.3713,345.36,27.16,350.21,0.1660,1.3000,0.5550,0.00,0.00,0.00,0.1213,1.2320,-0.3713,0.4416,0.2528,0.8609,26.20,0
0.9668,ApplicationSystemMain,0.500,1,-0.0593,0.8888,-0.2031,306.77,305.47,60.33,0.1218,0.9365,-0.0501,290.28,26.59,320.30,0.1218,1.2316,-0.3711,345.56,27.38,350.23,0.1660,1.3000,0.5550,0.00,0.00,0.00,0.1218,1.2316,-0.3711,0.4453,0.2493,0.8600,26.34,0
0.9781,ApplicationSystemMain,0.500,1,-0.0593,0.8887,-0.2031,306.69,305.52,60.20,0.1218,0.9363,-0.0500,290.41,26.79,320.15,0.1223,1.2314,-0.3708,345.75,27.56,350.20,0.1660,1.3000,0.5550,0.00,0.00,0.00,0.1223,1.2314,-0.3708,0.4484,0.2462,0.8593,26.46,0
0.9891,ApplicationSystemMain,0.500,1,-0.0593,0.8886,-0.2031,306.64,305.59,60.06,0.1218,0.9361,-0.0499,290.65,26.88,320.06,0.1226,1.2312,-0.3706,345.87,27.69,350.22,0.1660,1.3000,0.5550,0.00,0.00,0.00,0.1226,1.2312,-0.3706,0.4506,0.2441,0.8587,26.55,0
1.0008,ApplicationSystemMain,0.500,1,-0.0594,0.8885,-0.2031,306.61,305.67,59.94,0.1218,0.9359,-0.0498,290.79,26.93,320.14,0.1229,1.2308,-0.3703,346.04,27.87,350.24,0.1660,1.3000,0.5550,0.00,0.00,0.00,0.1229,1.2308,-0.3703,0.4537,0.2413,0.8579,26.67,0
1.0114,ApplicationSystemMain,0.500,1,-0.0593,0.8883,-0.2030,306.62,305.72,59.89,0.1218,0.9357,-0.0498,290.82,26.70,320.35,0.1234,1.2306,-0.3700,346.19,28.03,350.18,0.1660,1.3000,0.5550,0.00,0.00,0.00,0.1234,1.2306,-0.3700,0.4564,0.2387,0.8572,26.79,0
1.0224,ApplicationSystemMain,0.500,1,-0.0593,0.8881,-0.2029,306.65,305.76,59.88,0.1218,0.9355,-0.0497,290.82,26.38,320.60,0.1238,1.2304,-0.3697,346.35,28.23,350.20,0.1660,1.3000,0.5550,0.00,0.00,0.00,0.1238,1.2304,-0.3697,0.4597,0.2360,0.8562,26.95,0
1.0337,ApplicationSystemMain,0.500,1,-0.0594,0.8876,-0.2028,306.68,305.79,59.88,0.1217,0.9353,-0.0497,290.84,26.06,320.88,0.1243,1.2302,-0.3694,346.51,28.43,350.18,0.1660,1.3000,0.5550,0.00,0.00,0.00,0.1243,1.2302,-0.3694,0.4630,0.2333,0.8551,27.11,0
1.0446,ApplicationSystemMain,0.500,1,-0.0594,0.8873,-0.2027,306.77,305.91,59.78,0.1217,0.9352,-0.0496,290.84,25.82,321.11,0.1247,1.2300,-0.3692,346.63,28.60,350.21,0.1660,1.3000,0.5550,0.00,0.00,0.00,0.1247,1.2300,-0.3692,0.4657,0.2313,0.8542,27.24,0
1.0571,ApplicationSystemMain,0.500,1,-0.0594,0.8871,-0.2026,306.83,305.97,59.67,0.1217,0.9351,-0.0495,290.93,25.90,321.09,0.1251,1.2298,-0.3689,346.74,28.77,350.24,0.1660,1.3000,0.5550,0.00,0.00,0.00,0.1251,1.2298,-0.3689,0.4684,0.2294,0.8532,27.38,0
1.0668,ApplicationSystemMain,0.500,1,-0.0594,0.8869,-0.2025,306.89,306.05,59.61,0.1218,0.9350,-0.0494,291.08,26.29,320.71,0.1256,1.2295,-0.3686,346.91,28.96,350.22,0.1660,1.3000,0.5550,0.00,0.00,0.00,0.1256,1.2295,-0.3686,0.4716,0.2265,0.8522,27.53,0
1.0780,ApplicationSystemMain,0.500,1,-0.0593,0.8868,-0.2024,306.94,306.08,59.59,0.1218,0.9349,-0.0493,291.21,26.61,320.32,0.1260,1.2292,-0.3684,347.04,29.10,350.23,0.1660,1.3000,0.5550,0.00,0.00,0.00,0.1260,1.2292,-0.3684,0.4739,0.2243,0.8515,27.65,0
1.0889,ApplicationSystemMain,0.500,1,-0.0592,0.8867,-0.2022,307.00,306.12,59.61,0.1219,0.9348,-0.0492,291.26,26.89,320.01,0.1263,1.2290,-0.3681,347.17,29.23,350.17,0.1660,1.3000,0.5550,0.00,0.00,0.00,0.1263,1.2290,-0.3681,0.4762,0.2220,0.8509,27.75,0
1.1001,ApplicationSystemMain,0.500,1,-0.0592,0.8866,-0.2021,307.02,306.17,59.65,0.1220,0.9344,-0.0491,291.26,26.75,320.13,0.1268,1.2288,-0.3677,347.32,29.38,350.15,0.1660,1.3000,0.5550,0.00,0.00,0.00,0.1268,1.2288,-0.3677,0.4786,0.2196,0.8501,27.87,0
1.1114,ApplicationSystemMain,0.500,1,-0.0591,0.8865,-0.2020,307.02,306.22,59.63,0.1220,0.9342,-0.0490,291.19,26.48,320.42,0.1271,1.2286,-0.3675,347.44,29.50,350.12,0.1660,1.3000,0.5550,0.00,0.00,0.00,0.1271,1.2286,-0.3675,0.4806,0.2175,0.8495,27.97,0
1.1224,ApplicationSystemMain,0.500,1,-0.0591,0.8864,-0.2019,307.06,306.30,59.54,0.1220,0.9340,-0.0489,291.05,26.17,320.79,0.1275,1.2284,-0.3672,347.55,29.61,350.09,0.1660,1.3000,0.5550,0.00,0.00,0.00,0.1275,1.2284,-0.3672,0.4824,0.2156,0.8490,28.06,0
1.1335,ApplicationSystemMain,0.500,1,-0.0591,0.8863,-0.2017,307.09,306.33,59.49,0.1220,0.9338,-0.0487,291.05,26.07,320.86,0.1277,1.2281,-0.3670,347.68,29.72,350.07,0.1660,1.3000,0.5550,0.00,0.00,0.00,0.1277,1.2281,-0.3670,0.4843,0.2134,0.8485,28.14,0
1.1447,ApplicationSystemMain,0.500,1,-0.0590,0.8862,-0.2016,307.15,306.29,59.52,0.1219,0.9336,-0.0486,291.09,26.04,320.93,0.1280,1.2279,-0.3667,347.82,29.83,350.08,0.1660,1.3000,0.5550,0.00,0.00,0.00,0.1280,1.2279,-0.3667,0.4863,0.2110,0.8479,28.23,0
1.1557,ApplicationSystemMain,0.500,1,-0.0590,0.8862,-0.2016,307.23,306.29,59.52,0.1219,0.9334,-0.0484,291.18,26.11,320.91,0.1283,1.2276,-0.3665,347.95,29.91,350.10,0.1660,1.3000,0.5550,0.00,0.00,0.00,0.1283,1.2276,-0.3665,0.4877,0.2088,0.8477,28.28,0
1.1668,ApplicationSystemMain,0.500,1,-0.0590,0.8861,-0.2016,307.29,306.29,59.53,0.1219,0.9331,-0.0481,291.34,26.24,320.80,0.1285,1.2275,-0.3662,348.08,29.95,350.09,0.1660,1.3000,0.5550,0.00,0.00,0.00,0.1285,1.2275,-0.3662,0.4885,0.2066,0.8478,28.30,0
1.1778,ApplicationSystemMain,0.500,1,-0.0590,0.8861,-0.2015,307.33,306.24,59.61,0.1220,0.9329,-0.0480,291.56,26.67,320.25,0.1286,1.2272,-0.3660,348.19,29.96,350.11,0.1660,1.3000,0.5550,0.00,0.00,0.00,0.1286,1.2272,-0.3660,0.4888,0.2047,0.8480,28.29,0
1.1888,ApplicationSystemMain,0.500,1,-0.0589,0.8861,-0.2015,307.32,306.25,59.58,0.1220,0.9328,-0.0479,291.66,26.80,320.02,0.1288,1.2270,-0.3657,348.33,30.00,350.11,0.1660,1.3000,0.5550,0.00,0.00,0.00,0.1288,1.2270,-0.3657,0.4896,0.2023,0.8482,28.30,0
1.2001,ApplicationSystemMain,0.500,1,-0.0588,0.8861,-0.2015,307.26,306.29,59.53,0.1220,0.9326,-0.0478,291.65,26.57,320.22,0.1290,1.2267,-0.3654,348.47,30.00,350.10,0.1660,1.3000,0.5550,0.00,0.00,0.00,0.1290,1.2267,-0.3654,0.4900,0.1998,0.8485,28.28,0
1.2110,ApplicationSystemMain,0.500,1,-0.0587,0.8861,-0.2014,307.21,306.34,59.53,0.1220,0.9324,-0.0477,291.64,25.95,320.91,0.1292,1.2265,-0.3651,348.60,30.03,350.10,0.1660,1.3000,0.5550,0.00,0.00,0.00,0.1292,1.2265,-0.3651,0.4906,0.1976,0.8487,28.29,0
1.2223,ApplicationSystemMain,0.500,1,-0.0587,0.8860,-0.2014,307.20,306.39,59.51,0.1220,0.9322,-0.0476,291.58,25.84,321.06,0.1294,1.2263,-0.3648,348.74,30.05,350.11,0.1660,1.3000,0.5550,0.00,0.00,0.00,0.1294,1.2263,-0.3648,0.4912,0.1952,0.8489,28.29,0
1.2333,ApplicationSystemMain,0.500,1,-0.0586,0.8861,-0.2014,307.23,306.37,59.50,0.1221,0.9321,-0.0475,291.54,25.80,321.11,0.1296,1.2261,-0.3645,348.86,30.07,350.14,0.1660,1.3000,0.5550,0.00,0.00,0.00,0.1296,1.2261,-0.3645,0.4917,0.1931,0.8491,28.29,0
1.2444,ApplicationSystemMain,0.500,1,-0.0586,0.8861,-0.2014,307.29,306.36,59.52,0.1220,0.9318,-0.0475,291.60,25.71,321.19,0.1298,1.2259,-0.3642,349.00,30.07,350.16,0.1660,1.3000,0.5550,0.00,0.00,0.00,0.1298,1.2259,-0.3642,0.4919,0.1909,0.8495,28.27,0
1.2555,ApplicationSystemMain,0.500,1,-0.0585,0.8861,-0.2013,307.33,306.33,59.55,0.1220,0.9317,-0.0475,291.70,25.68,321.20,0.1300,1.2257,-0.3639,349.11,30.07,350.17,0.1660,1.3000,0.5550,0.00,0.00,0.00,0.1300,1.2257,-0.3639,0.4920,0.1889,0.8499,28.25,0
1.2666,ApplicationSystemMain,0.500,1,-0.0585,0.8861,-0.2014,307.35,306.32,59.56,0.1221,0.9316,-0.0475,291.85,25.98,320.77,0.1301,1.2255,-0.3636,349.24,30.07,350.18,0.1660,1.3000,0.5550,0.00,0.00,0.00,0.1301,1.2255,-0.3636,0.4922,0.1867,0.8502,28.23,0
1.2777,ApplicationSystemMain,0.500,1,-0.0585,0.8861,-0.2014,307.32,306.35,59.55,0.1220,0.9314,-0.0475,291.96,26.22,320.46,0.1303,1.2252,-0.3633,349.36,30.07,350.17,0.1660,1.3000,0.5550,0.00,0.00,0.00,0.1303,1.2252,-0.3633,0.4925,0.1846,0.8505,28.22,0
1.2889,ApplicationSystemMain,0.500,1,-0.0584,0.8862,-0.2015,307.29,306.38,59.55,0.1220,0.9313,-0.0476,292.01,26.35,320.18,0.1306,1.2251,-0.3630,349.49,30.09,350.16,0.1660,1.3000,0.5550,0.00,0.00,0.00,0.1306,1.2251,-0.3630,0.4929,0.1824,0.8508,28.23,0
1.3000,ApplicationSystemMain,0.500,1,-0.0582,0.8863,-0.2015,307.24,306.40,59.53,0.1219,0.9313,-0.0477,292.04,26.31,320.08,0.1307,1.2248,-0.3628,349.64,30.12,350.17,0.1660,1.3000,0.5550,0.00,0.00,0.00,0.1307,1.2248,-0.3628,0.4936,0.1799,0.8509,28.24,0
1.3111,ApplicationSystemMain,0.500,1,-0.0582,0.8863,-0.2016,307.20,306.34,59.56,0.1218,0.9311,-0.0478,292.00,26.03,320.37,0.1309,1.2246,-0.3625,349.79,30.13,350.19,0.1660,1.3000,0.5550,0.00,0.00,0.00,0.1309,1.2246,-0.3625,0.4941,0.1772,0.8512,28.23,0
1.3222,ApplicationSystemMain,0.500,1,-0.0583,0.8864,-0.2016,307.17,306.26,59.59,0.1217,0.9310,-0.0479,291.96,25.83,320.67,0.1311,1.2243,-0.3622,349.96,30.15,350.23,0.1660,1.3000,0.5550,0.00,0.00,0.00,0.1311,1.2243,-0.3622,0.4945,0.1743,0.8515,28.23,0
1.3332,ApplicationSystemMain,0.500,1,-0.0583,0.8864,-0.2017,307.15,306.25,59.55,0.1216,0.9308,-0.0479,291.97,26.00,320.58,0.1312,1.2240,-0.3620,350.12,30.14,350.26,0.1660,1.3000,0.5550,0.00,0.00,0.00,0.1312,1.2240,-0.3620,0.4947,0.1715,0.8520,28.20,0
1.3444,ApplicationSystemMain,0.500,1,-0.0583,0.8864,-0.2017,307.14,306.24,59.54,0.1216,0.9307,-0.0480,292.05,26.06,320.46,0.1314,1.2237,-0.3617,350.28,30.15,350.30,0.1660,1.3000,0.5550,0.00,0.00,0.00,0.1314,1.2237,-0.3617,0.4950,0.1688,0.8523,28.19,0
1.3555,ApplicationSystemMain,0.500,1,-0.0583,0.8864,-0.2017,307.13,306.30,59.51,0.1216,0.9306,-0.0480,292.12,26.13,320.35,0.1316,1.2234,-0.3613,350.48,30.14,350.34,0.1660,1.3000,0.5550,0.00,0.00,0.00,0.1316,1.2234,-0.3613,0.4952,0.1654,0.8529,28.16,0
1.3665,ApplicationSystemMain,0.500,1,-0.0583,0.8865,-0.2018,307.14,306.32,59.51,0.1215,0.9303,-0.0480,292.21,26.17,320.36,0.1317,1.2232,-0.3610,350.66,30.15,350.37,0.1660,1.3000,0.5550,0.00,0.00,0.00,0.1317,1.2232,-0.3610,0.4956,0.1623,0.8533,28.15,0
1.3777,ApplicationSystemMain,0.500,1,-0.0583,0.8865,-0.2018,307.16,306.35,59.48,0.1214,0.9302,-0.0480,292.28,26.18,320.34,0.1318,1.2229,-0.3609,350.81,30.15,350.46,0.1660,1.3000,0.5550,0.00,0.00,0.00,0.1318,1.2229,-0.3609,0.4958,0.1597,0.8537,28.13,0
1.3888,ApplicationSystemMain,0.500,1,-0.0582,0.8864,-0.2018,307.19,306.41,59.40,0.1214,0.9301,-0.0480,292.31,26.36,320.13,0.1319,1.2227,-0.3605,351.00,30.11,350.51,0.1660,1.3000,0.5550,0.00,0.00,0.00,0.1319,1.2227,-0.3605,0.4955,0.1564,0.8544,28.08,0
1.4000,ApplicationSystemMain,0.500,1,-0.0582,0.8864,-0.2018,307.19,306.40,59.37,0.1213,0.9299,-0.0481,292.38,26.41,320.15,0.1320,1.2225,-0.3601,351.16,30.08,350.66,0.1660,1.3000,0.5550,0.00,0.00,0.00,0.1320,1.2225,-0.3601,0.4952,0.1536,0.8551,28.03,0
1.4111,ApplicationSystemMain,0.500,1,-0.0582,0.8863,-0.2018,307.17,306.40,59.34,0.1213,0.9298,-0.0481,292.45,26.57,319.92,0.1321,1.2223,-0.3597,351.29,30.02,350.74,0.1660,1.3000,0.5550,0.00,0.00,0.00,0.1321,1.2223,-0.3597,0.4946,0.1514,0.8558,27.96,0
1.4221,ApplicationSystemMain,0.500,1,-0.0581,0.8864,-0.2018,307.17,306.38,59.34,0.1213,0.9298,-0.0482,292.51,26.67,319.70,0.1322,1.2222,-0.3592,351.41,29.95,350.82,0.1660,1.3000,0.5550,0.00,0.00,0.00,0.1322,1.2222,-0.3592,0.4936,0.1494,0.8568,27.88,0
1.4333,ApplicationSystemMain,0.500,1,-0.0580,0.8864,-0.2017,307.16,306.42,59.30,0.1212,0.9296,-0.0480,292.54,26.75,319.55,0.1321,1.2219,-0.3587,351.54,29.84,350.89,0.1660,1.3000,0.5550,0.00,0.00,0.00,0.1321,1.2219,-0.3587,0.4922,0.1472,0.8580,27.75,0
1.4444,ApplicationSystemMain,0.500,1,-0.0579,0.8864,-0.2017,307.19,306.52,59.26,0.1212,0.9296,-0.0480,292.49,26.46,319.87,0.1322,1.2219,-0.3582,351.67,29.76,350.94,0.1660,1.3000,0.5550,0.00,0.00,0.00,0.1322,1.2219,-0.3582,0.4911,0.1448,0.8590,27.67,0
1.4555,ApplicationSystemMain,0.500,1,-0.0578,0.8865,-0.2018,307.24,306.57,59.28,0.1213,0.9295,-0.0481,292.51,26.37,320.10,0.1323,1.2217,-0.3577,351.84,29.70,351.03,0.1660,1.3000,0.5550,0.00,0.00,0.00,0.1323,1.2217,-0.3577,0.4905,0.1419,0.8598,27.60,0
1.4666,ApplicationSystemMain,0.500,1,-0.0578,0.8866,-0.2019,307.29,306.62,59.31,0.1213,0.9293,-0.0481,292.56,26.60,319.87,0.1323,1.2212,-0.3572,352.06,29.64,351.10,0.1660,1.3000,0.5550,0.00,0.00,0.00,0.1323,1.2212,-0.3572,0.4899,0.1382,0.8608,27.51,0
1.4778,ApplicationSystemMain,0.500,1,-0.0578,0.8868,-0.2020,307.28,306.54,59.41,0.1213,0.9293,-0.0482,292.66,26.90,319.54,0.1324,1.2208,-0.3567,352.30,29.61,351.15,0.1660,1.3000,0.5550,0.00,0.00,0.00,0.1324,1.2208,-0.3567,0.4896,0.1340,0.8616,27.46,0
1.4889,ApplicationSystemMain,0.500,1,-0.0578,0.8868,-0.2021,307.21,306.48,59.44,0.1213,0.9292,-0.0482,292.82,27.08,319.32,0.1325,1.2204,-0.3563,352.59,29.59,351.24,0.1660,1.3000,0.5550,0.00,0.00,0.00,0.1325,1.2204,-0.3563,0.4896,0.1290,0.8623,27.42,0
1.5000,ApplicationSystemMain,0.500,1,-0.0577,0.8869,-0.2023,307.11,306.42,59.46,0.1214,0.9290,-0.0483,292.91,27.15,319.19,0.1324,1.2198,-0.3559,352.87,29.59,351.32,0.1660,1.3000,0.5550,0.00,0.00,0.00,0.1324,1.2198,-0.3559,0.4899,0.1242,0.8629,27.40,0
1.5110,ApplicationSystemMain,0.500,1,-0.0578,0.8870,-0.2024,307.04,306.39,59.42,0.1214,0.9289,-0.0484,292.88,27.13,319.13,0.1326,1.2194,-0.3555,353.14,29.57,351.42,0.1660,1.3000,0.5550,0.00,0.00,0.00,0.1326,1.2194,-0.3555,0.4899,0.1195,0.8635,27.37,0
1.5223,ApplicationSystemMain,0.500,1,-0.0578,0.8871,-0.2025,306.98,306.34,59.43,0.1214,0.9288,-0.0484,292.79,27.00,319.34,0.1327,1.2190,-0.3551,353.41,29.58,351.53,0.1660,1.3000,0.5550,0.00,0.00,0.00,0.1327,1.2190,-0.3551,0.4903,0.1148,0.8639,27.38,0
1.5333,ApplicationSystemMain,0.500,1,-0.0579,0.8870,-0.2025,306.95,306.28,59.45,0.1214,0.9288,-0.0484,292.71,26.81,319.66,0.1328,1.2185,-0.3547,353.62,29.59,351.63,0.1660,1.3000,0.5550,0.00,0.00,0.00,0.1328,1.2185,-0.3547,0.4908,0.1112,0.8641,27.39,0
1.5443,ApplicationSystemMain,0.500,1,-0.0579,0.8870,-0.2025,307.00,306.30,59.43,0.1215,0.9287,-0.0483,292.71,26.87,319.66,0.1329,1.2181,-0.3542,353.79,29.63,351.68,0.1660,1.3000,0.5550,0.00,0.00,0.00,0.1329,1.2181,-0.3542,0.4915,0.1081,0.8642,27.43,0
1.5555,ApplicationSystemMain,0.500,1,-0.0580,0.8870,-0.2025,307.07,306.34,59.41,0.1215,0.9286,-0.0483,292.75,27.01,319.50,0.1332,1.2178,-0.3538,353.97,29.66,351.71,0.1660,1.3000,0.5550,0.00,0.00,0.00,0.1332,1.2178,-0.3538,0.4921,0.1050,0.8642,27.47,0
1.5666,ApplicationSystemMain,0.500,1,-0.0578,0.8870,-0.2026,307.15,306.35,59.44,0.1214,0.9281,-0.0482,292.83,27.16,319.36,0.1333,1.2174,-0.3535,354.15,29.71,351.75,0.1660,1.3000,0.5550,0.00,0.00,0.00,0.1333,1.2174,-0.3535,0.4930,0.1020,0.8640,27.53,0
1.5778,ApplicationSystemMain,0.500,1,-0.0579,0.8869,-0.2026,307.23,306.27,59.52,0.1214,0.9280,-0.0481,293.02,27.30,319.13,0.1336,1.2171,-0.3531,354.33,29.78,351.81,0.1660,1.3000,0.5550,0.00,0.00,0.00,0.1336,1.2171,-0.3531,0.4943,0.0988,0.8637,27.62,0
1.5893,ApplicationSystemMain,0.500,1,-0.0580,0.8868,-0.2025,307.27,306.27,59.50,0.1214,0.9279,-0.0481,293.10,27.35,319.01,0.1338,1.2167,-0.3527,354.51,29.84,351.87,0.1660,1.3000,0.5550,0.00,0.00,0.00,0.1338,1.2167,-0.3527,0.4953,0.0956,0.8634,27.69,0
1.6000,ApplicationSystemMain,0.500,1,-0.0581,0.8866,-0.2025,307.28,306.25,59.50,0.1214,0.9277,-0.0480,293.15,27.37,318.86,0.1339,1.2163,-0.3524,354.69,29.90,351.93,0.1660,1.3000,0.5550,0.00,0.00,0.00,0.1339,1.2163,-0.3524,0.4963,0.0925,0.8632,27.75,0
1.6111,ApplicationSystemMain,0.500,1,-0.0581,0.8865,-0.2024,307.24,306.27,59.45,0.1213,0.9275,-0.0480,293.18,27.28,318.82,0.1341,1.2160,-0.3521,354.85,29.94,351.98,0.1660,1.3000,0.5550,0.00,0.00,0.00,0.1341,1.2160,-0.3521,0.4971,0.0897,0.8630,27.81,0
1.6221,ApplicationSystemMain,0.500,1,-0.0582,0.8863,-0.2024,307.22,306.27,59.41,0.1212,0.9272,-0.0480,293.11,27.03,319.06,0.1343,1.2158,-0.3517,355.01,29.99,352.03,0.1660,1.3000,0.5550,0.00,0.00,0.00,0.1343,1.2158,-0.3517,0.4980,0.0870,0.8628,27.88,0
1.6332,ApplicationSystemMain,0.500,1,-0.0580,0.8863,-0.2026,307.21,306.34,59.27,0.1210,0.9268,-0.0480,293.04,26.90,319.22,0.1344,1.2154,-0.3514,355.16,30.05,352.10,0.1660,1.3000,0.5550,0.00,0.00,0.00,0.1344,1.2154,-0.3514,0.4990,0.0844,0.8625,27.94,0
1.6444,ApplicationSystemMain,0.500,1,-0.0580,0.8861,-0.2025,307.21,306.45,59.16,0.1209,0.9267,-0.0479,292.98,26.64,319.69,0.1345,1.2151,-0.3511,355.30,30.09,352.16,0.1660,1.3000,0.5550,0.00,0.00,0.00,0.1345,1.2151,-0.3511,0.4996,0.0819,0.8624,27.99,0
1.6555,ApplicationSystemMain,0.500,1,-0.0580,0.8858,-0.2023,307.24,306.55,59.04,0.1208,0.9264,-0.0478,292.96,26.59,319.72,0.1346,1.2149,-0.3507,355.42,30.11,352.25,0.1660,1.3000,0.5550,0.00,0.00,0.00,0.1346,1.2149,-0.3507,0.5001,0.0798,0.8623,28.03,0
1.6668,ApplicationSystemMain,0.500,1,-0.0580,0.8856,-0.2022,307.28,306.65,58.93,0.1208,0.9262,-0.0478,293.02,26.68,319.63,0.1346,1.2146,-0.3504,355.53,30.13,352.31,0.1660,1.3000,0.5550,0.00,0.00,0.00,0.1346,1.2146,-0.3504,0.5004,0.0779,0.8623,28.05,0
1.6777,ApplicationSystemMain,0.500,1,-0.0580,0.8855,-0.2021,307.36,306.70,58.87,0.1207,0.9259,-0.0476,293.15,26.84,319.43,0.1347,1.2144,-0.3500,355.66,30.14,352.38,0.1660,1.3000,0.5550,0.00,0.00,0.00,0.1347,1.2144,-0.3500,0.5007,0.0758,0.8623,28.08,0
1.6888,ApplicationSystemMain,0.500,1,-0.0580,0.8853,-0.2019,307.42,306.72,58.87,0.1208,0.9256,-0.0474,293.33,26.93,319.24,0.1348,1.2142,-0.3496,355.74,30.16,352.44,0.1660,1.3000,0.5550,0.00,0.00,0.00,0.1348,1.2142,-0.3496,0.5011,0.0742,0.8622,28.11,0
1.6998,ApplicationSystemMain,0.500,1,-0.0580,0.8851,-0.2020,307.46,306.75,58.84,0.1207,0.9253,-0.0473,293.37,26.78,319.32,0.1348,1.2140,-0.3494,355.86,30.16,352.51,0.1660,1.3000,0.5550,0.00,0.00,0.00,0.1348,1.2140,-0.3494,0.5012,0.0722,0.8623,28.12,0
1.7115,ApplicationSystemMain,0.500,1,-0.0580,0.8850,-0.2019,307.48,306.79,58.78,0.1207,0.9250,-0.0471,293.43,26.55,319.53,0.1348,1.2138,-0.3490,355.99,30.16,352.60,0.1660,1.3000,0.5550,0.00,0.00,0.00,0.1348,1.2138,-0.3490,0.5012,0.0700,0.8625,28.12,0
1.7223,ApplicationSystemMain,0.500,1,-0.0579,0.8849,-0.2018,307.41,306.77,58.79,0.1205,0.9246,-0.0469,293.44,26.09,320.13,0.1347,1.2136,-0.3488,356.10,30.12,352.71,0.1660,1.3000,0.5550,0.00,0.00,0.00,0.1347,1.2136,-0.3488,0.5007,0.0680,0.8630,28.09,0
1.7335,ApplicationSystemMain,0.500,1,-0.0579,0.8848,-0.2018,307.35,306.77,58.77,0.1205,0.9243,-0.0468,293.46,26.13,320.07,0.1346,1.2133,-0.3483,356.23,30.07,352.88,0.1660,1.3000,0.5550,0.00,0.00,0.00,0.1346,1.2133,-0.3483,0.5000,0.0658,0.8635,28.04,0
1.7444,ApplicationSystemMain,0.500,1,-0.0579,0.8847,-0.2017,307.32,306.77,58.72,0.1204,0.9240,-0.0467,293.49,26.34,319.83,0.1345,1.2132,-0.3480,356.32,30.00,352.99,0.1660,1.3000,0.5550,0.00,0.00,0.00,0.1345,1.2132,-0.3480,0.4990,0.0643,0.8642,27.97,0
1.7555,ApplicationSystemMain,0.500,1,-0.0578,0.8847,-0.2016,307.35,306.78,58.65,0.1205,0.9237,-0.0466,293.47,26.49,319.69,0.1344,1.2131,-0.3475,356.40,29.92,353.12,0.1660,1.3000,0.5550,0.00,0.00,0.00,0.1344,1.2131,-0.3475,0.4978,0.0627,0.8650,27.89,0
1.7667,ApplicationSystemMain,0.500,1,-0.0577,0.8848,-0.2015,307.39,306.77,58.62,0.1206,0.9233,-0.0465,293.51,26.32,319.94,0.1341,1.2129,-0.3472,356.50,29.81,353.26,0.1660,1.3000,0.5550,0.00,0.00,0.00,0.1341,1.2129,-0.3472,0.4962,0.0611,0.8660,27.77,0
1.7776,ApplicationSystemMain,0.500,1,-0.0576,0.8848,-0.2015,307.45,306.77,58.65,0.1206,0.9229,-0.0464,293.54,26.04,320.32,0.1339,1.2128,-0.3467,356.58,29.70,353.39,0.1660,1.3000,0.5550,0.00,0.00,0.00,0.1339,1.2128,-0.3467,0.4946,0.0596,0.8671,27.66,0
1.7889,ApplicationSystemMain,0.500,1,-0.0575,0.8848,-0.2014,307.53,306.76,58.71,0.1207,0.9226,-0.0464,293.59,26.03,320.24,0.1337,1.2127,-0.3462,356.68,29.57,353.55,0.1660,1.3000,0.5550,0.00,0.00,0.00,0.1337,1.2127,-0.3462,0.4927,0.0580,0.8683,27.52,0
1.8002,ApplicationSystemMain,0.500,1,-0.0574,0.8848,-0.2014,307.57,306.80,58.71,0.1207,0.9221,-0.0464,293.66,26.04,320.13,0.1334,1.2125,-0.3459,356.77,29.45,353.71,0.1660,1.3000,0.5550,0.00,0.00,0.00,0.1334,1.2125,-0.3459,0.4909,0.0563,0.8694,27.39,0
1.8112,ApplicationSystemMain,0.500,1,-0.0573,0.8848,-0.2014,307.60,306.78,58.75,0.1208,0.9218,-0.0464,293.77,26.02,320.13,0.1331,1.2124,-0.3455,356.87,29.31,353.87,0.1660,1.3000,0.5550,0.00,0.00,0.00,0.1331,1.2124,-0.3455,0.4889,0.0546,0.8707,27.25,0
1.8222,ApplicationSystemMain,0.500,1,-0.0572,0.8848,-0.2014,307.59,306.78,58.78,0.1208,0.9215,-0.0464,293.89,25.97,320.20,0.1328,1.2123,-0.3450,356.96,29.17,354.05,0.1660,1.3000,0.5550,0.00,0.00,0.00,0.1328,1.2123,-0.3450,0.4867,0.0530,0.8719,27.09,0
1.8333,ApplicationSystemMain,0.500,1,-0.0571,0.8850,-0.2015,307.54,306.70,58.81,0.1211,0.9212,-0.0464,294.01,25.96,320.21,0.1324,1.2121,-0.3446,357.06,28.97,354.22,0.1660,1.3000,0.5550,0.00,0.00,0.00,0.1324,1.2121,-0.3446,0.4838,0.0514,0.8737,26.89,0
1.8446,ApplicationSystemMain,0.500,1,-0.0569,0.8850,-0.2015,307.49,306.66,58.83,0.1212,0.9208,-0.0464,294.08,25.90,320.32,0.1319,1.2119,-0.3441,357.17,28.70,354.43,0.1660,1.3000,0.5550,0.00,0.00,0.00,0.1319,1.2119,-0.3441,0.4796,0.0494,0.8761,26.59,0
1.8554,ApplicationSystemMain,0.500,1,-0.0567,0.8851,-0.2017,307.39,306.71,58.77,0.1214,0.9206,-0.0465,294.18,26.07,320.14,0.1313,1.2117,-0.3435,357.28,28.41,354.61,0.1660,1.3000,0.5550,0.00,0.00,0.00,0.1313,1.2117,-0.3435,0.4753,0.0474,0.8786,26.29,0
1.8668,ApplicationSystemMain,0.500,1,-0.0565,0.8851,-0.2017,307.38,306.73,58.74,0.1215,0.9203,-0.0465,294.24,26.08,320.12,0.1308,1.2115,-0.3430,357.38,28.13,354.79,0.1660,1.3000,0.5550,0.00,0.00,0.00,0.1308,1.2115,-0.3430,0.4710,0.0456,0.8809,25.99,0
1.8777,ApplicationSystemMain,0.500,1,-0.0563,0.8851,-0.2018,307.35,306.81,58.71,0.1218,0.9201,-0.0466,294.23,26.16,319.95,0.1301,1.2113,-0.3424,357.52,27.80,354.93,0.1660,1.3000,0.5550,0.00,0.00,0.00,0.1301,1.2113,-0.3424,0.4659,0.0434,0.8838,25.63,0
1.8890,ApplicationSystemMain,0.500,1,-0.0561,0.8851,-0.2019,307.35,306.86,58.73,0.1219,0.9198,-0.0466,294.23,26.07,320.10,0.1295,1.2111,-0.3419,357.63,27.45,355.09,0.1660,1.3000,0.5550,0.00,0.00,0.00,0.1295,1.2111,-0.3419,0.4606,0.0413,0.8866,25.27,0
1.9002,ApplicationSystemMain,0.500,1,-0.0564,0.8846,-0.2018,307.36,306.94,58.74,0.1223,0.9196,-0.0464,294.15,25.89,320.43,0.1288,1.2108,-0.3414,357.75,27.11,355.26,0.1660,1.3000,0.5550,0.00,0.00,0.00,0.1288,1.2108,-0.3414,0.4554,0.0392,0.8894,24.91,0
1.9111,ApplicationSystemMain,0.500,1,-0.0562,0.8845,-0.2019,307.35,306.98,58.69,0.1224,0.9193,-0.0464,294.16,25.93,320.41,0.1285,1.2108,-0.3412,357.78,26.96,355.32,0.1660,1.3000,0.5550,0.00,0.00,0.00,0.1285,1.2108,-0.3412,0.4530,0.0388,0.8907,24.74,0
1.9223,ApplicationSystemMain,0.500,1,-0.0561,0.8844,-0.2019,307.35,307.02,58.62,0.1227,0.9192,-0.0464,294.21,26.07,320.30,0.1273,1.2106,-0.3403,357.91,26.36,355.41,0.1660,1.3000,0.5550,0.00,0.00,0.00,0.1273,1.2106,-0.3403,0.4438,0.0365,0.8954,24.10,0
1.9333,ApplicationSystemMain,0.500,1,-0.0559,0.8844,-0.2019,307.36,307.06,58.60,0.1229,0.9190,-0.0464,294.29,26.15,320.23,0.1267,1.2105,-0.3397,357.96,26.02,355.52,0.1660,1.3000,0.5550,0.00,0.00,0.00,0.1267,1.2105,-0.3397,0.4384,0.0356,0.8981,23.73,0
1.9444,ApplicationSystemMain,0.500,1,-0.0559,0.8842,-0.2018,307.41,307.18,58.53,0.1232,0.9189,-0.0463,294.45,26.29,320.11,0.1260,1.2104,-0.3393,357.95,25.68,355.55,0.1660,1.3000,0.5550,0.00,0.00,0.00,0.1260,1.2104,-0.3393,0.4330,0.0357,0.9007,23.35,0
1.9557,ApplicationSystemMain,0.500,1,-0.0558,0.8842,-0.2018,307.48,307.22,58.53,0.1234,0.9188,-0.0462,294.56,26.37,320.01,0.1254,1.2104,-0.3388,357.98,25.37,355.59,0.1660,1.3000,0.5550,0.00,0.00,0.00,0.1254,1.2104,-0.3388,0.4282,0.0352,0.9030,23.01,0
1.9670,ApplicationSystemMain,0.500,1,-0.0559,0.8840,-0.2016,307.48,307.23,58.58,0.1237,0.9187,-0.0458,294.67,26.07,320.51,0.1249,1.2103,-0.3384,358.01,25.13,355.64,0.1660,1.3000,0.5550,0.00,0.00,0.00,0.1249,1.2103,-0.3384,0.4244,0.0348,0.9048,22.75,0
1.9777,ApplicationSystemMain,0.500,1,-0.0559,0.8840,-0.2016,307.44,307.18,58.58,0.1239,0.9185,-0.0457,294.65,25.80,320.77,0.1243,1.2103,-0.3380,358.02,24.85,355.70,0.1660,1.3000,0.5550,0.00,0.00,0.00,0.1243,1.2103,-0.3380,0.4200,0.0346,0.9069,22.44,0
1.9889,ApplicationSystemMain,0.500,1,-0.0558,0.8839,-0.2016,307.45,307.21,58.53,0.1240,0.9184,-0.0456,294.64,25.71,320.93,0.1236,1.2103,-0.3375,358.03,24.50,355.76,0.1660,1.3000,0.5550,0.00,0.00,0.00,0.1236,1.2103,-0.3375,0.4144,0.0343,0.9094,22.05,0
2.0000,ApplicationSystemMain,0.500,1,-0.0559,0.8838,-0.2016,307.43,307.14,58.50,0.1241,0.9184,-0.0454,294.54,25.36,321.46,0.1231,1.2102,-0.3372,358.05,24.25,355.82,0.1660,1.3000,0.5550,0.00,0.00,0.00,0.1231,1.2102,-0.3372,0.4105,0.0341,0.9112,21.78,0
2.0110,ApplicationSystemMain,0.500,1,-0.0560,0.8838,-0.2015,307.46,307.09,58.53,0.1243,0.9182,-0.0453,294.51,25.30,321.46,0.1226,1.2102,-0.3369,358.03,24.04,355.89,0.1660,1.3000,0.5550,0.00,0.00,0.00,0.1226,1.2102,-0.3369,0.4071,0.0344,0.9127,21.53,0
2.0221,ApplicationSystemMain,0.500,1,-0.0561,0.8837,-0.2015,307.48,307.05,58.56,0.1244,0.9181,-0.0451,294.52,25.65,321.11,0.1221,1.2102,-0.3366,358.03,23.86,355.93,0.1660,1.3000,0.5550,0.00,0.00,0.00,0.1221,1.2102,-0.3366,0.4042,0.0344,0.9140,21.32,0
2.0333,ApplicationSystemMain,0.500,1,-0.0562,0.8837,-0.2016,307.51,307.05,58.55,0.1242,0.9178,-0.0448,294.65,25.63,321.15,0.1216,1.2102,-0.3364,358.01,23.68,355.98,0.1660,1.3000,0.5550,0.00,0.00,0.00,0.1216,1.2102,-0.3364,0.4013,0.0347,0.9153,21.11,0
2.0444,ApplicationSystemMain,0.500,1,-0.0564,0.8836,-0.2015,307.55,307.06,58.53,0.1243,0.9178,-0.0446,294.81,25.68,321.28,0.1212,1.2102,-0.3362,357.99,23.46,356.05,0.1660,1.3000,0.5550,0.00,0.00,0.00,0.1212,1.2102,-0.3362,0.3979,0.0351,0.9167,20.87,0
